Timestamp,BME_Temp,BME_Hum,BME_Pres,BME_Gas,SHT_Temp,SHT_Hum,MQ3,MQ135,MQ136,MQ137,ADC_RMS,ADC_Channel,ADC_Frequency
2025-08-06 20:59:05.890460,0.0,0.0,0.0,1.9675688743591309,,,0,0,182,192,0.0,1,10
2025-08-06 20:59:06.026577,0.0,0.0,0.0,1.9675688743591309,,,0,0,182,192,0.0,2,10
2025-08-06 20:59:06.116293,0.0,0.0,0.0,1.9675688743591309,,,0,0,182,192,0.0,3,10
2025-08-06 20:59:06.119866,0.0,0.0,0.0,1.9675688743591309,,,0,0,182,192,0.0,4,10
2025-08-06 20:59:06.162854,0.0,0.0,0.0,1.9675688743591309,,,0,0,182,192,0.0,1,100
2025-08-06 20:59:06.206477,0.0,0.0,0.0,1.9675688743591309,,,0,0,182,192,0.0,2,100
2025-08-06 20:59:06.211325,0.0,0.0,0.0,1.9675688743591309,,,0,0,182,192,0.0,3,100
2025-08-06 20:59:06.216833,0.0,0.0,0.0,1.9675688743591309,,,0,0,182,192,0.0,4,100
2025-08-06 20:59:06.222179,0.0,0.0,0.0,1.9675688743591309,,,0,0,182,192,0.0,1,1000
2025-08-06 20:59:06.227586,0.0,0.0,0.0,1.9675688743591309,,,0,0,182,192,0.0,2,1000
2025-08-06 20:59:06.232798,0.0,0.0,0.0,1.9675688743591309,,,0,0,182,192,0.0,3,1000
2025-08-06 20:59:06.237267,0.0,0.0,0.0,1.9675688743591309,,,0,0,182,192,0.0,4,1000
2025-08-06 20:59:06.244048,0.0,0.0,0.0,1.9675688743591309,,,0,0,182,192,0.0,1,10000
2025-08-06 20:59:06.251125,0.0,0.0,0.0,1.9675688743591309,,,0,0,182,192,0.0,2,10000
2025-08-06 20:59:06.257508,0.0,0.0,0.0,1.9675688743591309,,,0,0,182,192,0.0,3,10000
2025-08-06 20:59:06.262877,0.0,0.0,0.0,1.9675688743591309,,,0,0,182,192,0.0,4,10000
2025-08-06 20:59:06.268522,0.0,0.0,0.0,1.9675688743591309,,,0,0,182,192,0.0,1,100000
2025-08-06 20:59:06.273304,0.0,0.0,0.0,1.9675688743591309,,,0,0,182,192,0.0,2,100000
2025-08-06 20:59:06.279701,0.0,0.0,0.0,1.9675688743591309,,,0,0,182,192,0.0,3,100000
2025-08-06 20:59:06.285970,0.0,0.0,0.0,1.9675688743591309,,,0,0,182,192,0.0,4,100000
2025-08-06 20:59:06.291411,0.0,0.0,0.0,1.9675688743591309,,,0,0,182,192,0.0,1,1000000
2025-08-06 20:59:06.297766,0.0,0.0,0.0,1.9675688743591309,,,0,0,182,192,0.0,2,1000000
2025-08-06 20:59:06.303211,0.0,0.0,0.0,1.9675688743591309,,,0,0,182,192,0.0,3,1000000
2025-08-06 20:59:06.306996,0.0,0.0,0.0,1.9675688743591309,,,0,0,182,192,0.0,4,1000000
2025-08-06 20:59:08.143001,0.0,0.0,0.0,1.9675688743591309,,,0,0,185,194,0.0,1,10
2025-08-06 20:59:08.232832,0.0,0.0,0.0,1.9675688743591309,,,0,0,185,194,0.0,2,10
2025-08-06 20:59:08.276222,0.0,0.0,0.0,1.9675688743591309,,,0,0,185,194,0.0,3,10
2025-08-06 20:59:08.321334,0.0,0.0,0.0,1.9675688743591309,,,0,0,185,194,0.0,4,10
2025-08-06 20:59:08.366064,0.0,0.0,0.0,1.9675688743591309,,,0,0,185,194,0.0,1,100
2025-08-06 20:59:08.409809,0.0,0.0,0.0,1.9675688743591309,,,0,0,185,194,0.0,2,100
2025-08-06 20:59:08.460870,0.0,0.0,0.0,1.9675688743591309,,,0,0,185,194,0.0,3,100
2025-08-06 20:59:08.503980,0.0,0.0,0.0,1.9675688743591309,,,0,0,185,194,0.0,4,100
2025-08-06 20:59:08.546702,0.0,0.0,0.0,1.9675688743591309,,,0,0,185,194,0.0,1,1000
2025-08-06 20:59:08.589818,0.0,0.0,0.0,1.9675688743591309,,,0,0,185,194,0.0,2,1000
2025-08-06 20:59:08.636861,0.0,0.0,0.0,1.9675688743591309,,,0,0,185,194,0.0,3,1000
2025-08-06 20:59:08.641207,0.0,0.0,0.0,1.9675688743591309,,,0,0,185,194,0.0,4,1000
2025-08-06 20:59:08.679963,0.0,0.0,0.0,1.9675688743591309,,,0,0,185,194,0.0,1,10000
2025-08-06 20:59:08.729997,0.0,0.0,0.0,1.9675688743591309,,,0,0,185,194,0.0,2,10000
2025-08-06 20:59:08.769867,0.0,0.0,0.0,1.9675688743591309,,,0,0,185,194,0.0,3,10000
2025-08-06 20:59:08.774251,0.0,0.0,0.0,1.9675688743591309,,,0,0,185,194,0.0,4,10000
2025-08-06 20:59:08.777880,0.0,0.0,0.0,1.9675688743591309,,,0,0,185,194,0.0,1,100000
2025-08-06 20:59:08.816564,0.0,0.0,0.0,1.9675688743591309,,,0,0,185,194,0.0,2,100000
2025-08-06 20:59:08.823223,0.0,0.0,0.0,1.9675688743591309,,,0,0,185,194,0.0,3,100000
2025-08-06 20:59:08.829684,0.0,0.0,0.0,1.9675688743591309,,,0,0,185,194,0.0,4,100000
2025-08-06 20:59:08.836215,0.0,0.0,0.0,1.9675688743591309,,,0,0,185,194,0.0,1,1000000
2025-08-06 20:59:08.862899,0.0,0.0,0.0,1.9675688743591309,,,0,0,185,194,0.0,2,1000000
2025-08-06 20:59:08.867578,0.0,0.0,0.0,1.9675688743591309,,,0,0,185,194,0.0,3,1000000
2025-08-06 20:59:08.870450,0.0,0.0,0.0,1.9675688743591309,,,0,0,185,194,0.0,4,1000000
2025-08-06 20:59:10.389828,0.0,0.0,0.0,1.9675688743591309,,,0,0,190,198,0.0,1,10
2025-08-06 20:59:10.437184,0.0,0.0,0.0,1.9675688743591309,,,0,0,190,198,0.0,2,10
2025-08-06 20:59:10.483564,0.0,0.0,0.0,1.9675688743591309,,,0,0,190,198,0.0,3,10
2025-08-06 20:59:10.526797,0.0,0.0,0.0,1.9675688743591309,,,0,0,190,198,0.0,4,10
2025-08-06 20:59:10.619546,0.0,0.0,0.0,1.9675688743591309,,,0,0,190,198,0.0,1,100
2025-08-06 20:59:10.660633,0.0,0.0,0.0,1.9675688743591309,,,0,0,190,198,0.0,2,100
2025-08-06 20:59:10.706381,0.0,0.0,0.0,1.9675688743591309,,,0,0,190,198,0.0,3,100
2025-08-06 20:59:10.750405,0.0,0.0,0.0,1.9675688743591309,,,0,0,190,198,0.0,4,100
2025-08-06 20:59:10.752759,0.0,0.0,0.0,1.9675688743591309,,,0,0,190,198,0.0,1,1000
2025-08-06 20:59:10.796164,0.0,0.0,0.0,1.9675688743591309,,,0,0,190,198,0.0,2,1000
2025-08-06 20:59:10.798726,0.0,0.0,0.0,1.9675688743591309,,,0,0,190,198,0.0,3,1000
2025-08-06 20:59:10.839245,0.0,0.0,0.0,1.9675688743591309,,,0,0,190,198,0.0,4,1000
2025-08-06 20:59:10.886263,0.0,0.0,0.0,1.9675688743591309,,,0,0,190,198,0.0,1,10000
2025-08-06 20:59:10.934120,0.0,0.0,0.0,1.9675688743591309,,,0,0,190,198,0.0,2,10000
2025-08-06 20:59:10.979861,0.0,0.0,0.0,1.9675688743591309,,,0,0,190,198,0.0,3,10000
2025-08-06 20:59:10.987208,0.0,0.0,0.0,1.9675688743591309,,,0,0,190,198,0.0,4,10000
2025-08-06 20:59:10.993863,0.0,0.0,0.0,1.9675688743591309,,,0,0,190,198,0.0,1,100000
2025-08-06 20:59:11.019600,0.0,0.0,0.0,1.9675688743591309,,,0,0,190,198,0.0,2,100000
2025-08-06 20:59:11.024431,0.0,0.0,0.0,1.9675688743591309,,,0,0,190,198,0.0,3,100000
2025-08-06 20:59:11.029986,0.0,0.0,0.0,1.9675688743591309,,,0,0,190,198,0.0,4,100000
2025-08-06 20:59:11.066693,0.0,0.0,0.0,1.9675688743591309,,,0,0,190,198,0.0,1,1000000
2025-08-06 20:59:11.073328,0.0,0.0,0.0,1.9675688743591309,,,0,0,190,198,0.0,2,1000000
2025-08-06 20:59:11.079374,0.0,0.0,0.0,1.9675688743591309,,,0,0,190,198,0.0,3,1000000
2025-08-06 20:59:11.109803,0.0,0.0,0.0,1.9675688743591309,,,0,0,190,198,0.0,4,1000000
2025-08-06 20:59:12.639681,0.0,0.0,0.0,1.9675688743591309,,,0,0,191,200,0.0,1,10
2025-08-06 20:59:12.690527,0.0,0.0,0.0,1.9675688743591309,,,0,0,191,200,0.0,2,10
2025-08-06 20:59:12.696000,0.0,0.0,0.0,1.9675688743591309,,,0,0,191,200,0.0,3,10
2025-08-06 20:59:12.700228,0.0,0.0,0.0,1.9675688743591309,,,0,0,191,200,0.0,4,10
2025-08-06 20:59:12.729376,0.0,0.0,0.0,1.9675688743591309,,,0,0,191,200,0.0,1,100
2025-08-06 20:59:12.779484,0.0,0.0,0.0,1.9675688743591309,,,0,0,191,200,0.0,2,100
2025-08-06 20:59:12.819836,0.0,0.0,0.0,1.9675688743591309,,,0,0,191,200,0.0,3,100
2025-08-06 20:59:12.866124,0.0,0.0,0.0,1.9675688743591309,,,0,0,191,200,0.0,4,100
2025-08-06 20:59:12.910095,0.0,0.0,0.0,1.9675688743591309,,,0,0,191,200,0.0,1,1000
2025-08-06 20:59:12.959921,0.0,0.0,0.0,1.9675688743591309,,,0,0,191,200,0.0,2,1000
2025-08-06 20:59:13.003085,0.0,0.0,0.0,1.9675688743591309,,,0,0,191,200,0.0,3,1000
2025-08-06 20:59:13.046508,0.0,0.0,0.0,1.9675688743591309,,,0,0,191,200,0.0,4,1000
2025-08-06 20:59:13.053554,0.0,0.0,0.0,1.9675688743591309,,,0,0,191,200,0.0,1,10000
2025-08-06 20:59:13.091090,0.0,0.0,0.0,1.9675688743591309,,,0,0,191,200,0.0,2,10000
2025-08-06 20:59:13.140289,0.0,0.0,0.0,1.9675688743591309,,,0,0,191,200,0.0,3,10000
2025-08-06 20:59:13.147370,0.0,0.0,0.0,1.9675688743591309,,,0,0,191,200,0.0,4,10000
2025-08-06 20:59:13.153915,0.0,0.0,0.0,1.9675688743591309,,,0,0,191,200,0.0,1,100000
2025-08-06 20:59:13.160285,0.0,0.0,0.0,1.9675688743591309,,,0,0,191,200,0.0,2,100000
2025-08-06 20:59:13.166389,0.0,0.0,0.0,1.9675688743591309,,,0,0,191,200,0.0,3,100000
2025-08-06 20:59:13.172738,0.0,0.0,0.0,1.9675688743591309,,,0,0,191,200,0.0,4,100000
2025-08-06 20:59:13.178829,0.0,0.0,0.0,1.9675688743591309,,,0,0,191,200,0.0,1,1000000
2025-08-06 20:59:13.185320,0.0,0.0,0.0,1.9675688743591309,,,0,0,191,200,0.0,2,1000000
2025-08-06 20:59:13.191914,0.0,0.0,0.0,1.9675688743591309,,,0,0,191,200,0.0,3,1000000
2025-08-06 20:59:13.230062,0.0,0.0,0.0,1.9675688743591309,,,0,0,191,200,0.0,4,1000000
2025-08-06 20:59:14.979646,0.0,0.0,0.0,1.9675688743591309,,,0,0,194,201,0.0,1,10
2025-08-06 20:59:15.026759,0.0,0.0,0.0,1.9675688743591309,,,0,0,194,201,0.0,2,10
2025-08-06 20:59:15.073370,0.0,0.0,0.0,1.9675688743591309,,,0,0,194,201,0.0,3,10
2025-08-06 20:59:15.116208,0.0,0.0,0.0,1.9675688743591309,,,0,0,194,201,0.0,4,10
2025-08-06 20:59:15.160043,0.0,0.0,0.0,1.9675688743591309,,,0,0,194,201,0.0,1,100
2025-08-06 20:59:15.206533,0.0,0.0,0.0,1.9675688743591309,,,0,0,194,201,0.0,2,100
2025-08-06 20:59:15.249710,0.0,0.0,0.0,1.9675688743591309,,,0,0,194,201,0.0,3,100
2025-08-06 20:59:15.299810,0.0,0.0,0.0,1.9675688743591309,,,0,0,194,201,0.0,4,100
2025-08-06 20:59:15.340107,0.0,0.0,0.0,1.9675688743591309,,,0,0,194,201,0.0,1,1000
2025-08-06 20:59:15.344569,0.0,0.0,0.0,1.9675688743591309,,,0,0,194,201,0.0,2,1000
2025-08-06 20:59:15.348677,0.0,0.0,0.0,1.9675688743591309,,,0,0,194,201,0.0,3,1000
2025-08-06 20:59:15.352832,0.0,0.0,0.0,1.9675688743591309,,,0,0,194,201,0.0,4,1000
2025-08-06 20:59:15.356421,0.0,0.0,0.0,1.9675688743591309,,,0,0,194,201,0.0,1,10000
2025-08-06 20:59:15.360369,0.0,0.0,0.0,1.9675688743591309,,,0,0,194,201,0.0,2,10000
2025-08-06 20:59:15.364105,0.0,0.0,0.0,1.9675688743591309,,,0,0,194,201,0.0,3,10000
2025-08-06 20:59:15.390029,0.0,0.0,0.0,1.9675688743591309,,,0,0,194,201,0.0,4,10000
2025-08-06 20:59:15.396890,0.0,0.0,0.0,1.9675688743591309,,,0,0,194,201,0.0,1,100000
2025-08-06 20:59:15.403678,0.0,0.0,0.0,1.9675688743591309,,,0,0,194,201,0.0,2,100000
2025-08-06 20:59:15.410228,0.0,0.0,0.0,1.9675688743591309,,,0,0,194,201,0.0,3,100000
2025-08-06 20:59:15.433131,0.0,0.0,0.0,1.9675688743591309,,,0,0,194,201,0.0,4,100000
2025-08-06 20:59:15.440160,0.0,0.0,0.0,1.9675688743591309,,,0,0,194,201,0.0,1,1000000
2025-08-06 20:59:15.480091,0.0,0.0,0.0,1.9675688743591309,,,0,0,194,201,0.0,2,1000000
2025-08-06 20:59:15.487317,0.0,0.0,0.0,1.9675688743591309,,,0,0,194,201,0.0,3,1000000
2025-08-06 20:59:15.493944,0.0,0.0,0.0,1.9675688743591309,,,0,0,194,201,0.0,4,1000000
2025-08-06 20:59:17.146191,0.0,0.0,0.0,1.9675688743591309,,,0,0,198,206,0.0,1,10
2025-08-06 20:59:17.229493,0.0,0.0,0.0,1.9675688743591309,,,0,0,198,206,0.0,2,10
2025-08-06 20:59:17.319788,0.0,0.0,0.0,1.9675688743591309,,,0,0,198,206,0.0,3,10
2025-08-06 20:59:17.366098,0.0,0.0,0.0,1.9675688743591309,,,0,0,198,206,0.0,4,10
2025-08-06 20:59:17.411360,0.0,0.0,0.0,1.9675688743591309,,,0,0,198,206,0.0,1,100
2025-08-06 20:59:17.418231,0.0,0.0,0.0,1.9675688743591309,,,0,0,198,206,0.0,2,100
2025-08-06 20:59:17.460404,0.0,0.0,0.0,1.9675688743591309,,,0,0,198,206,0.0,3,100
2025-08-06 20:59:17.499596,0.0,0.0,0.0,1.9675688743591309,,,0,0,198,206,0.0,4,100
2025-08-06 20:59:17.504427,0.0,0.0,0.0,1.9675688743591309,,,0,0,198,206,0.0,1,1000
2025-08-06 20:59:17.546641,0.0,0.0,0.0,1.9675688743591309,,,0,0,198,206,0.0,2,1000
2025-08-06 20:59:17.590050,0.0,0.0,0.0,1.9675688743591309,,,0,0,198,206,0.0,3,1000
2025-08-06 20:59:17.596875,0.0,0.0,0.0,1.9675688743591309,,,0,0,198,206,0.0,4,1000
2025-08-06 20:59:17.603409,0.0,0.0,0.0,1.9675688743591309,,,0,0,198,206,0.0,1,10000
2025-08-06 20:59:17.639840,0.0,0.0,0.0,1.9675688743591309,,,0,0,198,206,0.0,2,10000
2025-08-06 20:59:17.646657,0.0,0.0,0.0,1.9675688743591309,,,0,0,198,206,0.0,3,10000
2025-08-06 20:59:17.679762,0.0,0.0,0.0,1.9675688743591309,,,0,0,198,206,0.0,4,10000
2025-08-06 20:59:17.685623,0.0,0.0,0.0,1.9675688743591309,,,0,0,198,206,0.0,1,100000
2025-08-06 20:59:17.692150,0.0,0.0,0.0,1.9675688743591309,,,0,0,198,206,0.0,2,100000
2025-08-06 20:59:17.698078,0.0,0.0,0.0,1.9675688743591309,,,0,0,198,206,0.0,3,100000
2025-08-06 20:59:17.704143,0.0,0.0,0.0,1.9675688743591309,,,0,0,198,206,0.0,4,100000
2025-08-06 20:59:17.710230,0.0,0.0,0.0,1.9675688743591309,,,0,0,198,206,0.0,1,1000000
2025-08-06 20:59:17.727026,0.0,0.0,0.0,1.9675688743591309,,,0,0,198,206,0.0,2,1000000
2025-08-06 20:59:17.734126,0.0,0.0,0.0,1.9675688743591309,,,0,0,198,206,0.0,3,1000000
2025-08-06 20:59:17.740594,0.0,0.0,0.0,1.9675688743591309,,,0,0,198,206,0.0,4,1000000
2025-08-06 20:59:19.393603,0.0,0.0,0.0,1.9675688743591309,,,0,0,199,208,0.0,1,10
2025-08-06 20:59:19.436730,0.0,0.0,0.0,1.9675688743591309,,,0,0,199,208,0.0,2,10
2025-08-06 20:59:19.479512,0.0,0.0,0.0,1.9675688743591309,,,0,0,199,208,0.0,3,10
2025-08-06 20:59:19.569481,0.0,0.0,0.0,1.9675688743591309,,,0,0,199,208,0.0,4,10
2025-08-06 20:59:19.617719,0.0,0.0,0.0,1.9675688743591309,,,0,0,199,208,0.0,1,100
2025-08-06 20:59:19.660538,0.0,0.0,0.0,1.9675688743591309,,,0,0,199,208,0.0,2,100
2025-08-06 20:59:19.708962,0.0,0.0,0.0,1.9675688743591309,,,0,0,199,208,0.0,3,100
2025-08-06 20:59:19.715819,0.0,0.0,0.0,1.9675688743591309,,,0,0,199,208,0.0,4,100
2025-08-06 20:59:19.751259,0.0,0.0,0.0,1.9675688743591309,,,0,0,199,208,0.0,1,1000
2025-08-06 20:59:19.758236,0.0,0.0,0.0,1.9675688743591309,,,0,0,199,208,0.0,2,1000
2025-08-06 20:59:19.764593,0.0,0.0,0.0,1.9675688743591309,,,0,0,199,208,0.0,3,1000
2025-08-06 20:59:19.796670,0.0,0.0,0.0,1.9675688743591309,,,0,0,199,208,0.0,4,1000
2025-08-06 20:59:19.843273,0.0,0.0,0.0,1.9675688743591309,,,0,0,199,208,0.0,1,10000
2025-08-06 20:59:19.886483,0.0,0.0,0.0,1.9675688743591309,,,0,0,199,208,0.0,2,10000
2025-08-06 20:59:19.893644,0.0,0.0,0.0,1.9675688743591309,,,0,0,199,208,0.0,3,10000
2025-08-06 20:59:19.930070,0.0,0.0,0.0,1.9675688743591309,,,0,0,199,208,0.0,4,10000
2025-08-06 20:59:19.937470,0.0,0.0,0.0,1.9675688743591309,,,0,0,199,208,0.0,1,100000
2025-08-06 20:59:19.944067,0.0,0.0,0.0,1.9675688743591309,,,0,0,199,208,0.0,2,100000
2025-08-06 20:59:19.950975,0.0,0.0,0.0,1.9675688743591309,,,0,0,199,208,0.0,3,100000
2025-08-06 20:59:19.976241,0.0,0.0,0.0,1.9675688743591309,,,0,0,199,208,0.0,4,100000
2025-08-06 20:59:19.978646,0.0,0.0,0.0,1.9675688743591309,,,0,0,199,208,0.0,1,1000000
2025-08-06 20:59:19.980302,0.0,0.0,0.0,1.9675688743591309,,,0,0,199,208,0.0,2,1000000
2025-08-06 20:59:19.982131,0.0,0.0,0.0,1.9675688743591309,,,0,0,199,208,0.0,3,1000000
2025-08-06 20:59:19.983967,0.0,0.0,0.0,1.9675688743591309,,,0,0,199,208,0.0,4,1000000
2025-08-06 20:59:21.639639,0.0,0.0,0.0,1.9675688743591309,,,0,0,202,208,0.0,1,10
2025-08-06 20:59:21.733570,0.0,0.0,0.0,1.9675688743591309,,,0,0,202,208,0.0,2,10
2025-08-06 20:59:21.740794,0.0,0.0,0.0,1.9675688743591309,,,0,0,202,208,0.0,3,10
2025-08-06 20:59:21.776244,0.0,0.0,0.0,1.9675688743591309,,,0,0,202,208,0.0,4,10
2025-08-06 20:59:21.819328,0.0,0.0,0.0,1.9675688743591309,,,0,0,202,208,0.0,1,100
2025-08-06 20:59:21.869342,0.0,0.0,0.0,1.9675688743591309,,,0,0,202,208,0.0,2,100
2025-08-06 20:59:21.909654,0.0,0.0,0.0,1.9675688743591309,,,0,0,202,208,0.0,3,100
2025-08-06 20:59:21.916372,0.0,0.0,0.0,1.9675688743591309,,,0,0,202,208,0.0,4,100
2025-08-06 20:59:21.957171,0.0,0.0,0.0,1.9675688743591309,,,0,0,202,208,0.0,1,1000
2025-08-06 20:59:21.962277,0.0,0.0,0.0,1.9675688743591309,,,0,0,202,208,0.0,2,1000
2025-08-06 20:59:21.999378,0.0,0.0,0.0,1.9675688743591309,,,0,0,202,208,0.0,3,1000
2025-08-06 20:59:22.001238,0.0,0.0,0.0,1.9675688743591309,,,0,0,202,208,0.0,4,1000
2025-08-06 20:59:22.046239,0.0,0.0,0.0,1.9675688743591309,,,0,0,202,208,0.0,1,10000
2025-08-06 20:59:22.090282,0.0,0.0,0.0,1.9675688743591309,,,0,0,202,208,0.0,2,10000
2025-08-06 20:59:22.140458,0.0,0.0,0.0,1.9675688743591309,,,0,0,202,208,0.0,3,10000
2025-08-06 20:59:22.183297,0.0,0.0,0.0,1.9675688743591309,,,0,0,202,208,0.0,4,10000
2025-08-06 20:59:22.187890,0.0,0.0,0.0,1.9675688743591309,,,0,0,202,208,0.0,1,100000
2025-08-06 20:59:22.191845,0.0,0.0,0.0,1.9675688743591309,,,0,0,202,208,0.0,2,100000
2025-08-06 20:59:22.195887,0.0,0.0,0.0,1.9675688743591309,,,0,0,202,208,0.0,3,100000
2025-08-06 20:59:22.226618,0.0,0.0,0.0,1.9675688743591309,,,0,0,202,208,0.0,4,100000
2025-08-06 20:59:22.230498,0.0,0.0,0.0,1.9675688743591309,,,0,0,202,208,0.0,1,1000000
2025-08-06 20:59:22.233115,0.0,0.0,0.0,1.9675688743591309,,,0,0,202,208,0.0,2,1000000
2025-08-06 20:59:22.235209,0.0,0.0,0.0,1.9675688743591309,,,0,0,202,208,0.0,3,1000000
2025-08-06 20:59:22.273383,0.0,0.0,0.0,1.9675688743591309,,,0,0,202,208,0.0,4,1000000
2025-08-06 20:59:23.891706,0.0,0.0,0.0,1.9675688743591309,,,0,0,205,209,0.0,1,10
2025-08-06 20:59:23.980250,0.0,0.0,0.0,1.9675688743591309,,,0,0,205,209,0.0,2,10
2025-08-06 20:59:24.029684,0.0,0.0,0.0,1.9675688743591309,,,0,0,205,209,0.0,3,10
2025-08-06 20:59:24.031673,0.0,0.0,0.0,1.9675688743591309,,,0,0,205,209,0.0,4,10
2025-08-06 20:59:24.116062,0.0,0.0,0.0,1.9675688743591309,,,0,0,205,209,0.0,1,100
2025-08-06 20:59:24.159746,0.0,0.0,0.0,1.9675688743591309,,,0,0,205,209,0.0,2,100
2025-08-06 20:59:24.206569,0.0,0.0,0.0,1.9675688743591309,,,0,0,205,209,0.0,3,100
2025-08-06 20:59:24.249995,0.0,0.0,0.0,1.9675688743591309,,,0,0,205,209,0.0,4,100
2025-08-06 20:59:24.296657,0.0,0.0,0.0,1.9675688743591309,,,0,0,205,209,0.0,1,1000
2025-08-06 20:59:24.340269,0.0,0.0,0.0,1.9675688743591309,,,0,0,205,209,0.0,2,1000
2025-08-06 20:59:24.387541,0.0,0.0,0.0,1.9675688743591309,,,0,0,205,209,0.0,3,1000
2025-08-06 20:59:24.433271,0.0,0.0,0.0,1.9675688743591309,,,0,0,205,209,0.0,4,1000
2025-08-06 20:59:24.476435,0.0,0.0,0.0,1.9675688743591309,,,0,0,205,209,0.0,1,10000
2025-08-06 20:59:24.521678,0.0,0.0,0.0,1.9675688743591309,,,0,0,205,209,0.0,2,10000
2025-08-06 20:59:24.566261,0.0,0.0,0.0,1.9675688743591309,,,0,0,205,209,0.0,3,10000
2025-08-06 20:59:24.569379,0.0,0.0,0.0,1.9675688743591309,,,0,0,205,209,0.0,4,10000
2025-08-06 20:59:24.571850,0.0,0.0,0.0,1.9675688743591309,,,0,0,205,209,0.0,1,100000
2025-08-06 20:59:24.573790,0.0,0.0,0.0,1.9675688743591309,,,0,0,205,209,0.0,2,100000
2025-08-06 20:59:24.575404,0.0,0.0,0.0,1.9675688743591309,,,0,0,205,209,0.0,3,100000
2025-08-06 20:59:24.577110,0.0,0.0,0.0,1.9675688743591309,,,0,0,205,209,0.0,4,100000
2025-08-06 20:59:24.609995,0.0,0.0,0.0,1.9675688743591309,,,0,0,205,209,0.0,1,1000000
2025-08-06 20:59:24.614626,0.0,0.0,0.0,1.9675688743591309,,,0,0,205,209,0.0,2,1000000
2025-08-06 20:59:24.619438,0.0,0.0,0.0,1.9675688743591309,,,0,0,205,209,0.0,3,1000000
2025-08-06 20:59:24.656600,0.0,0.0,0.0,1.9675688743591309,,,0,0,205,209,0.0,4,1000000
2025-08-06 20:59:26.141679,0.0,0.0,0.0,1.9675688743591309,,,0,0,208,213,0.0,1,10
2025-08-06 20:59:26.186299,0.0,0.0,0.0,1.9675688743591309,,,0,0,208,213,0.0,2,10
2025-08-06 20:59:26.232716,0.0,0.0,0.0,1.9675688743591309,,,0,0,208,213,0.0,3,10
2025-08-06 20:59:26.235299,0.0,0.0,0.0,1.9675688743591309,,,0,0,208,213,0.0,4,10
2025-08-06 20:59:26.237759,0.0,0.0,0.0,1.9675688743591309,,,0,0,208,213,0.0,1,100
2025-08-06 20:59:26.276029,0.0,0.0,0.0,1.9675688743591309,,,0,0,208,213,0.0,2,100
2025-08-06 20:59:26.369952,0.0,0.0,0.0,1.9675688743591309,,,0,0,208,213,0.0,3,100
2025-08-06 20:59:26.409901,0.0,0.0,0.0,1.9675688743591309,,,0,0,208,213,0.0,4,100
2025-08-06 20:59:26.460149,0.0,0.0,0.0,1.9675688743591309,,,0,0,208,213,0.0,1,1000
2025-08-06 20:59:26.464550,0.0,0.0,0.0,1.9675688743591309,,,0,0,208,213,0.0,2,1000
2025-08-06 20:59:26.468037,0.0,0.0,0.0,1.9675688743591309,,,0,0,208,213,0.0,3,1000
2025-08-06 20:59:26.499959,0.0,0.0,0.0,1.9675688743591309,,,0,0,208,213,0.0,4,1000
2025-08-06 20:59:26.551249,0.0,0.0,0.0,1.9675688743591309,,,0,0,208,213,0.0,1,10000
2025-08-06 20:59:26.593898,0.0,0.0,0.0,1.9675688743591309,,,0,0,208,213,0.0,2,10000
2025-08-06 20:59:26.636595,0.0,0.0,0.0,1.9675688743591309,,,0,0,208,213,0.0,3,10000
2025-08-06 20:59:26.643087,0.0,0.0,0.0,1.9675688743591309,,,0,0,208,213,0.0,4,10000
2025-08-06 20:59:26.648119,0.0,0.0,0.0,1.9675688743591309,,,0,0,208,213,0.0,1,100000
2025-08-06 20:59:26.652458,0.0,0.0,0.0,1.9675688743591309,,,0,0,208,213,0.0,2,100000
2025-08-06 20:59:26.656212,0.0,0.0,0.0,1.9675688743591309,,,0,0,208,213,0.0,3,100000
2025-08-06 20:59:26.659758,0.0,0.0,0.0,1.9675688743591309,,,0,0,208,213,0.0,4,100000
2025-08-06 20:59:26.665049,0.0,0.0,0.0,1.9675688743591309,,,0,0,208,213,0.0,1,1000000
2025-08-06 20:59:26.671816,0.0,0.0,0.0,1.9675688743591309,,,0,0,208,213,0.0,2,1000000
2025-08-06 20:59:26.678373,0.0,0.0,0.0,1.9675688743591309,,,0,0,208,213,0.0,3,1000000
2025-08-06 20:59:26.684726,0.0,0.0,0.0,1.9675688743591309,,,0,0,208,213,0.0,4,1000000
2025-08-06 20:59:28.389720,0.0,0.0,0.0,1.9675688743591309,,,0,0,208,214,0.0,1,10
2025-08-06 20:59:28.479407,0.0,0.0,0.0,1.9675688743591309,,,0,0,208,214,0.0,2,10
2025-08-06 20:59:28.526150,0.0,0.0,0.0,1.9675688743591309,,,0,0,208,214,0.0,3,10
2025-08-06 20:59:28.570044,0.0,0.0,0.0,1.9675688743591309,,,0,0,208,214,0.0,4,10
2025-08-06 20:59:28.616688,0.0,0.0,0.0,1.9675688743591309,,,0,0,208,214,0.0,1,100
2025-08-06 20:59:28.663167,0.0,0.0,0.0,1.9675688743591309,,,0,0,208,214,0.0,2,100
2025-08-06 20:59:28.710265,0.0,0.0,0.0,1.9675688743591309,,,0,0,208,214,0.0,3,100
2025-08-06 20:59:28.717336,0.0,0.0,0.0,1.9675688743591309,,,0,0,208,214,0.0,4,100
2025-08-06 20:59:28.724157,0.0,0.0,0.0,1.9675688743591309,,,0,0,208,214,0.0,1,1000
2025-08-06 20:59:28.730747,0.0,0.0,0.0,1.9675688743591309,,,0,0,208,214,0.0,2,1000
2025-08-06 20:59:28.737330,0.0,0.0,0.0,1.9675688743591309,,,0,0,208,214,0.0,3,1000
2025-08-06 20:59:28.744227,0.0,0.0,0.0,1.9675688743591309,,,0,0,208,214,0.0,4,1000
2025-08-06 20:59:28.750594,0.0,0.0,0.0,1.9675688743591309,,,0,0,208,214,0.0,1,10000
2025-08-06 20:59:28.757499,0.0,0.0,0.0,1.9675688743591309,,,0,0,208,214,0.0,2,10000
2025-08-06 20:59:28.764240,0.0,0.0,0.0,1.9675688743591309,,,0,0,208,214,0.0,3,10000
2025-08-06 20:59:28.768368,0.0,0.0,0.0,1.9675688743591309,,,0,0,208,214,0.0,4,10000
2025-08-06 20:59:28.772244,0.0,0.0,0.0,1.9675688743591309,,,0,0,208,214,0.0,1,100000
2025-08-06 20:59:28.775227,0.0,0.0,0.0,1.9675688743591309,,,0,0,208,214,0.0,2,100000
2025-08-06 20:59:28.777803,0.0,0.0,0.0,1.9675688743591309,,,0,0,208,214,0.0,3,100000
2025-08-06 20:59:28.780058,0.0,0.0,0.0,1.9675688743591309,,,0,0,208,214,0.0,4,100000
2025-08-06 20:59:28.782041,0.0,0.0,0.0,1.9675688743591309,,,0,0,208,214,0.0,1,1000000
2025-08-06 20:59:28.783934,0.0,0.0,0.0,1.9675688743591309,,,0,0,208,214,0.0,2,1000000
2025-08-06 20:59:28.785940,0.0,0.0,0.0,1.9675688743591309,,,0,0,208,214,0.0,3,1000000
2025-08-06 20:59:28.787872,0.0,0.0,0.0,1.9675688743591309,,,0,0,208,214,0.0,4,1000000
2025-08-06 20:59:30.639801,0.0,0.0,0.0,1.9675688743591309,,,0,0,208,219,0.0,1,10
2025-08-06 20:59:30.690433,0.0,0.0,0.0,1.9675688743591309,,,0,0,208,219,0.0,2,10
2025-08-06 20:59:30.729279,0.0,0.0,0.0,1.9675688743591309,,,0,0,208,219,0.0,3,10
2025-08-06 20:59:30.819360,0.0,0.0,0.0,1.9675688743591309,,,0,0,208,219,0.0,4,10
2025-08-06 20:59:30.866477,0.0,0.0,0.0,1.9675688743591309,,,0,0,208,219,0.0,1,100
2025-08-06 20:59:30.914809,0.0,0.0,0.0,1.9675688743591309,,,0,0,208,219,0.0,2,100
2025-08-06 20:59:30.957082,0.0,0.0,0.0,1.9675688743591309,,,0,0,208,219,0.0,3,100
2025-08-06 20:59:31.000447,0.0,0.0,0.0,1.9675688743591309,,,0,0,208,219,0.0,4,100
2025-08-06 20:59:31.007538,0.0,0.0,0.0,1.9675688743591309,,,0,0,208,219,0.0,1,1000
2025-08-06 20:59:31.013041,0.0,0.0,0.0,1.9675688743591309,,,0,0,208,219,0.0,2,1000
2025-08-06 20:59:31.048156,0.0,0.0,0.0,1.9675688743591309,,,0,0,208,219,0.0,3,1000
2025-08-06 20:59:31.055172,0.0,0.0,0.0,1.9675688743591309,,,0,0,208,219,0.0,4,1000
2025-08-06 20:59:31.061728,0.0,0.0,0.0,1.9675688743591309,,,0,0,208,219,0.0,1,10000
2025-08-06 20:59:31.067882,0.0,0.0,0.0,1.9675688743591309,,,0,0,208,219,0.0,2,10000
2025-08-06 20:59:31.074113,0.0,0.0,0.0,1.9675688743591309,,,0,0,208,219,0.0,3,10000
2025-08-06 20:59:31.080154,0.0,0.0,0.0,1.9675688743591309,,,0,0,208,219,0.0,4,10000
2025-08-06 20:59:31.086413,0.0,0.0,0.0,1.9675688743591309,,,0,0,208,219,0.0,1,100000
2025-08-06 20:59:31.092648,0.0,0.0,0.0,1.9675688743591309,,,0,0,208,219,0.0,2,100000
2025-08-06 20:59:31.098845,0.0,0.0,0.0,1.9675688743591309,,,0,0,208,219,0.0,3,100000
2025-08-06 20:59:31.104404,0.0,0.0,0.0,1.9675688743591309,,,0,0,208,219,0.0,4,100000
2025-08-06 20:59:31.136694,0.0,0.0,0.0,1.9675688743591309,,,0,0,208,219,0.0,1,1000000
2025-08-06 20:59:31.143291,0.0,0.0,0.0,1.9675688743591309,,,0,0,208,219,0.0,2,1000000
2025-08-06 20:59:31.149450,0.0,0.0,0.0,1.9675688743591309,,,0,0,208,219,0.0,3,1000000
2025-08-06 20:59:31.181038,0.0,0.0,0.0,1.9675688743591309,,,0,0,208,219,0.0,4,1000000
2025-08-06 20:59:32.936443,0.0,0.0,0.0,1.9675688743591309,,,0,0,211,221,0.0,1,10
2025-08-06 20:59:32.979613,0.0,0.0,0.0,1.9675688743591309,,,0,0,211,221,0.0,2,10
2025-08-06 20:59:33.029558,0.0,0.0,0.0,1.9675688743591309,,,0,0,211,221,0.0,3,10
2025-08-06 20:59:33.069869,0.0,0.0,0.0,1.9675688743591309,,,0,0,211,221,0.0,4,10
2025-08-06 20:59:33.119528,0.0,0.0,0.0,1.9675688743591309,,,0,0,211,221,0.0,1,100
2025-08-06 20:59:33.159311,0.0,0.0,0.0,1.9675688743591309,,,0,0,211,221,0.0,2,100
2025-08-06 20:59:33.206450,0.0,0.0,0.0,1.9675688743591309,,,0,0,211,221,0.0,3,100
2025-08-06 20:59:33.249584,0.0,0.0,0.0,1.9675688743591309,,,0,0,211,221,0.0,4,100
2025-08-06 20:59:33.296364,0.0,0.0,0.0,1.9675688743591309,,,0,0,211,221,0.0,1,1000
2025-08-06 20:59:33.302387,0.0,0.0,0.0,1.9675688743591309,,,0,0,211,221,0.0,2,1000
2025-08-06 20:59:33.309029,0.0,0.0,0.0,1.9675688743591309,,,0,0,211,221,0.0,3,1000
2025-08-06 20:59:33.315514,0.0,0.0,0.0,1.9675688743591309,,,0,0,211,221,0.0,4,1000
2025-08-06 20:59:33.339761,0.0,0.0,0.0,1.9675688743591309,,,0,0,211,221,0.0,1,10000
2025-08-06 20:59:33.389958,0.0,0.0,0.0,1.9675688743591309,,,0,0,211,221,0.0,2,10000
2025-08-06 20:59:33.429804,0.0,0.0,0.0,1.9675688743591309,,,0,0,211,221,0.0,3,10000
2025-08-06 20:59:33.433210,0.0,0.0,0.0,1.9675688743591309,,,0,0,211,221,0.0,4,10000
2025-08-06 20:59:33.435309,0.0,0.0,0.0,1.9675688743591309,,,0,0,211,221,0.0,1,100000
2025-08-06 20:59:33.476541,0.0,0.0,0.0,1.9675688743591309,,,0,0,211,221,0.0,2,100000
2025-08-06 20:59:33.483243,0.0,0.0,0.0,1.9675688743591309,,,0,0,211,221,0.0,3,100000
2025-08-06 20:59:33.489679,0.0,0.0,0.0,1.9675688743591309,,,0,0,211,221,0.0,4,100000
2025-08-06 20:59:33.495607,0.0,0.0,0.0,1.9675688743591309,,,0,0,211,221,0.0,1,1000000
2025-08-06 20:59:33.501474,0.0,0.0,0.0,1.9675688743591309,,,0,0,211,221,0.0,2,1000000
2025-08-06 20:59:33.507434,0.0,0.0,0.0,1.9675688743591309,,,0,0,211,221,0.0,3,1000000
2025-08-06 20:59:33.519855,0.0,0.0,0.0,1.9675688743591309,,,0,0,211,221,0.0,4,1000000
2025-08-06 20:59:35.139810,0.0,0.0,0.0,1.9675688743591309,,,0,0,215,222,0.0,1,10
2025-08-06 20:59:35.189744,0.0,0.0,0.0,1.9675688743591309,,,0,0,215,222,0.0,2,10
2025-08-06 20:59:35.232566,0.0,0.0,0.0,1.9675688743591309,,,0,0,215,222,0.0,3,10
2025-08-06 20:59:35.235717,0.0,0.0,0.0,1.9675688743591309,,,0,0,215,222,0.0,4,10
2025-08-06 20:59:35.238388,0.0,0.0,0.0,1.9675688743591309,,,0,0,215,222,0.0,1,100
2025-08-06 20:59:35.279467,0.0,0.0,0.0,1.9675688743591309,,,0,0,215,222,0.0,2,100
2025-08-06 20:59:35.319455,0.0,0.0,0.0,1.9675688743591309,,,0,0,215,222,0.0,3,100
2025-08-06 20:59:35.321034,0.0,0.0,0.0,1.9675688743591309,,,0,0,215,222,0.0,4,100
2025-08-06 20:59:35.366210,0.0,0.0,0.0,1.9675688743591309,,,0,0,215,222,0.0,1,1000
2025-08-06 20:59:35.410058,0.0,0.0,0.0,1.9675688743591309,,,0,0,215,222,0.0,2,1000
2025-08-06 20:59:35.416957,0.0,0.0,0.0,1.9675688743591309,,,0,0,215,222,0.0,3,1000
2025-08-06 20:59:35.457958,0.0,0.0,0.0,1.9675688743591309,,,0,0,215,222,0.0,4,1000
2025-08-06 20:59:35.499953,0.0,0.0,0.0,1.9675688743591309,,,0,0,215,222,0.0,1,10000
2025-08-06 20:59:35.549970,0.0,0.0,0.0,1.9675688743591309,,,0,0,215,222,0.0,2,10000
2025-08-06 20:59:35.589956,0.0,0.0,0.0,1.9675688743591309,,,0,0,215,222,0.0,3,10000
2025-08-06 20:59:35.594438,0.0,0.0,0.0,1.9675688743591309,,,0,0,215,222,0.0,4,10000
2025-08-06 20:59:35.598278,0.0,0.0,0.0,1.9675688743591309,,,0,0,215,222,0.0,1,100000
2025-08-06 20:59:35.636676,0.0,0.0,0.0,1.9675688743591309,,,0,0,215,222,0.0,2,100000
2025-08-06 20:59:35.643379,0.0,0.0,0.0,1.9675688743591309,,,0,0,215,222,0.0,3,100000
2025-08-06 20:59:35.683015,0.0,0.0,0.0,1.9675688743591309,,,0,0,215,222,0.0,4,100000
2025-08-06 20:59:35.689282,0.0,0.0,0.0,1.9675688743591309,,,0,0,215,222,0.0,1,1000000
2025-08-06 20:59:35.694143,0.0,0.0,0.0,1.9675688743591309,,,0,0,215,222,0.0,2,1000000
2025-08-06 20:59:35.698371,0.0,0.0,0.0,1.9675688743591309,,,0,0,215,222,0.0,3,1000000
2025-08-06 20:59:35.704494,0.0,0.0,0.0,1.9675688743591309,,,0,0,215,222,0.0,4,1000000
2025-08-06 20:59:37.389941,0.0,0.0,0.0,1.9675688743591309,,,0,0,214,224,0.0,1,10
2025-08-06 20:59:37.482800,0.0,0.0,0.0,1.9675688743591309,,,0,0,214,224,0.0,2,10
2025-08-06 20:59:37.569526,0.0,0.0,0.0,1.9675688743591309,,,0,0,214,224,0.0,3,10
2025-08-06 20:59:37.616974,0.0,0.0,0.0,1.9675688743591309,,,0,0,214,224,0.0,4,10
2025-08-06 20:59:37.660150,0.0,0.0,0.0,1.9675688743591309,,,0,0,214,224,0.0,1,100
2025-08-06 20:59:37.706766,0.0,0.0,0.0,1.9675688743591309,,,0,0,214,224,0.0,2,100
2025-08-06 20:59:37.711224,0.0,0.0,0.0,1.9675688743591309,,,0,0,214,224,0.0,3,100
2025-08-06 20:59:37.714875,0.0,0.0,0.0,1.9675688743591309,,,0,0,214,224,0.0,4,100
2025-08-06 20:59:37.751088,0.0,0.0,0.0,1.9675688743591309,,,0,0,214,224,0.0,1,1000
2025-08-06 20:59:37.800267,0.0,0.0,0.0,1.9675688743591309,,,0,0,214,224,0.0,2,1000
2025-08-06 20:59:37.804615,0.0,0.0,0.0,1.9675688743591309,,,0,0,214,224,0.0,3,1000
2025-08-06 20:59:37.808357,0.0,0.0,0.0,1.9675688743591309,,,0,0,214,224,0.0,4,1000
2025-08-06 20:59:37.811758,0.0,0.0,0.0,1.9675688743591309,,,0,0,214,224,0.0,1,10000
2025-08-06 20:59:37.839778,0.0,0.0,0.0,1.9675688743591309,,,0,0,214,224,0.0,2,10000
2025-08-06 20:59:37.890337,0.0,0.0,0.0,1.9675688743591309,,,0,0,214,224,0.0,3,10000
2025-08-06 20:59:37.894948,0.0,0.0,0.0,1.9675688743591309,,,0,0,214,224,0.0,4,10000
2025-08-06 20:59:37.899109,0.0,0.0,0.0,1.9675688743591309,,,0,0,214,224,0.0,1,100000
2025-08-06 20:59:37.902804,0.0,0.0,0.0,1.9675688743591309,,,0,0,214,224,0.0,2,100000
2025-08-06 20:59:37.906282,0.0,0.0,0.0,1.9675688743591309,,,0,0,214,224,0.0,3,100000
2025-08-06 20:59:37.909816,0.0,0.0,0.0,1.9675688743591309,,,0,0,214,224,0.0,4,100000
2025-08-06 20:59:37.913205,0.0,0.0,0.0,1.9675688743591309,,,0,0,214,224,0.0,1,1000000
2025-08-06 20:59:37.916522,0.0,0.0,0.0,1.9675688743591309,,,0,0,214,224,0.0,2,1000000
2025-08-06 20:59:37.919809,0.0,0.0,0.0,1.9675688743591309,,,0,0,214,224,0.0,3,1000000
2025-08-06 20:59:37.923159,0.0,0.0,0.0,1.9675688743591309,,,0,0,214,224,0.0,4,1000000
2025-08-06 20:59:39.643092,0.0,0.0,0.0,1.9675688743591309,,,0,0,219,225,0.0,1,10
2025-08-06 20:59:39.686824,0.0,0.0,0.0,1.9675688743591309,,,0,0,219,225,0.0,2,10
2025-08-06 20:59:39.732710,0.0,0.0,0.0,1.9675688743591309,,,0,0,219,225,0.0,3,10
2025-08-06 20:59:39.780149,0.0,0.0,0.0,1.9675688743591309,,,0,0,219,225,0.0,4,10
2025-08-06 20:59:39.823634,0.0,0.0,0.0,1.9675688743591309,,,0,0,219,225,0.0,1,100
2025-08-06 20:59:39.866161,0.0,0.0,0.0,1.9675688743591309,,,0,0,219,225,0.0,2,100
2025-08-06 20:59:39.910064,0.0,0.0,0.0,1.9675688743591309,,,0,0,219,225,0.0,3,100
2025-08-06 20:59:39.959856,0.0,0.0,0.0,1.9675688743591309,,,0,0,219,225,0.0,4,100
2025-08-06 20:59:40.003289,0.0,0.0,0.0,1.9675688743591309,,,0,0,219,225,0.0,1,1000
2025-08-06 20:59:40.048413,0.0,0.0,0.0,1.9675688743591309,,,0,0,219,225,0.0,2,1000
2025-08-06 20:59:40.093251,0.0,0.0,0.0,1.9675688743591309,,,0,0,219,225,0.0,3,1000
2025-08-06 20:59:40.100350,0.0,0.0,0.0,1.9675688743591309,,,0,0,219,225,0.0,4,1000
2025-08-06 20:59:40.107171,0.0,0.0,0.0,1.9675688743591309,,,0,0,219,225,0.0,1,10000
2025-08-06 20:59:40.113676,0.0,0.0,0.0,1.9675688743591309,,,0,0,219,225,0.0,2,10000
2025-08-06 20:59:40.120208,0.0,0.0,0.0,1.9675688743591309,,,0,0,219,225,0.0,3,10000
2025-08-06 20:59:40.136602,0.0,0.0,0.0,1.9675688743591309,,,0,0,219,225,0.0,4,10000
2025-08-06 20:59:40.143428,0.0,0.0,0.0,1.9675688743591309,,,0,0,219,225,0.0,1,100000
2025-08-06 20:59:40.149703,0.0,0.0,0.0,1.9675688743591309,,,0,0,219,225,0.0,2,100000
2025-08-06 20:59:40.155886,0.0,0.0,0.0,1.9675688743591309,,,0,0,219,225,0.0,3,100000
2025-08-06 20:59:40.162064,0.0,0.0,0.0,1.9675688743591309,,,0,0,219,225,0.0,4,100000
2025-08-06 20:59:40.168557,0.0,0.0,0.0,1.9675688743591309,,,0,0,219,225,0.0,1,1000000
2025-08-06 20:59:40.174619,0.0,0.0,0.0,1.9675688743591309,,,0,0,219,225,0.0,2,1000000
2025-08-06 20:59:40.181492,0.0,0.0,0.0,1.9675688743591309,,,0,0,219,225,0.0,3,1000000
2025-08-06 20:59:40.226146,0.0,0.0,0.0,1.9675688743591309,,,0,0,219,225,0.0,4,1000000
2025-08-06 20:59:41.891363,0.0,0.0,0.0,1.9675688743591309,,,0,0,222,229,0.0,1,10
2025-08-06 20:59:41.936522,0.0,0.0,0.0,1.9675688743591309,,,0,0,222,229,0.0,2,10
2025-08-06 20:59:41.981944,0.0,0.0,0.0,1.9675688743591309,,,0,0,222,229,0.0,3,10
2025-08-06 20:59:42.029552,0.0,0.0,0.0,1.9675688743591309,,,0,0,222,229,0.0,4,10
2025-08-06 20:59:42.069427,0.0,0.0,0.0,1.9675688743591309,,,0,0,222,229,0.0,1,100
2025-08-06 20:59:42.073514,0.0,0.0,0.0,1.9675688743591309,,,0,0,222,229,0.0,2,100
2025-08-06 20:59:42.115991,0.0,0.0,0.0,1.9675688743591309,,,0,0,222,229,0.0,3,100
2025-08-06 20:59:42.163695,0.0,0.0,0.0,1.9675688743591309,,,0,0,222,229,0.0,4,100
2025-08-06 20:59:42.206785,0.0,0.0,0.0,1.9675688743591309,,,0,0,222,229,0.0,1,1000
2025-08-06 20:59:42.250108,0.0,0.0,0.0,1.9675688743591309,,,0,0,222,229,0.0,2,1000
2025-08-06 20:59:42.254565,0.0,0.0,0.0,1.9675688743591309,,,0,0,222,229,0.0,3,1000
2025-08-06 20:59:42.258306,0.0,0.0,0.0,1.9675688743591309,,,0,0,222,229,0.0,4,1000
2025-08-06 20:59:42.296289,0.0,0.0,0.0,1.9675688743591309,,,0,0,222,229,0.0,1,10000
2025-08-06 20:59:42.340060,0.0,0.0,0.0,1.9675688743591309,,,0,0,222,229,0.0,2,10000
2025-08-06 20:59:42.389823,0.0,0.0,0.0,1.9675688743591309,,,0,0,222,229,0.0,3,10000
2025-08-06 20:59:42.394172,0.0,0.0,0.0,1.9675688743591309,,,0,0,222,229,0.0,4,10000
2025-08-06 20:59:42.397561,0.0,0.0,0.0,1.9675688743591309,,,0,0,222,229,0.0,1,100000
2025-08-06 20:59:42.401255,0.0,0.0,0.0,1.9675688743591309,,,0,0,222,229,0.0,2,100000
2025-08-06 20:59:42.406778,0.0,0.0,0.0,1.9675688743591309,,,0,0,222,229,0.0,3,100000
2025-08-06 20:59:42.412238,0.0,0.0,0.0,1.9675688743591309,,,0,0,222,229,0.0,4,100000
2025-08-06 20:59:42.417471,0.0,0.0,0.0,1.9675688743591309,,,0,0,222,229,0.0,1,1000000
2025-08-06 20:59:42.422971,0.0,0.0,0.0,1.9675688743591309,,,0,0,222,229,0.0,2,1000000
2025-08-06 20:59:42.428454,0.0,0.0,0.0,1.9675688743591309,,,0,0,222,229,0.0,3,1000000
2025-08-06 20:59:42.433892,0.0,0.0,0.0,1.9675688743591309,,,0,0,222,229,0.0,4,1000000
2025-08-06 20:59:44.140074,0.0,0.0,0.0,1.9675688743591309,,,0,0,223,230,0.0,1,10
2025-08-06 20:59:44.186763,0.0,0.0,0.0,1.9675688743591309,,,0,0,223,230,0.0,2,10
2025-08-06 20:59:44.229546,0.0,0.0,0.0,1.9675688743591309,,,0,0,223,230,0.0,3,10
2025-08-06 20:59:44.275889,0.0,0.0,0.0,1.9675688743591309,,,0,0,223,230,0.0,4,10
2025-08-06 20:59:44.366465,0.0,0.0,0.0,1.9675688743591309,,,0,0,223,230,0.0,1,100
2025-08-06 20:59:44.409699,0.0,0.0,0.0,1.9675688743591309,,,0,0,223,230,0.0,2,100
2025-08-06 20:59:44.456529,0.0,0.0,0.0,1.9675688743591309,,,0,0,223,230,0.0,3,100
2025-08-06 20:59:44.499852,0.0,0.0,0.0,1.9675688743591309,,,0,0,223,230,0.0,4,100
2025-08-06 20:59:44.546786,0.0,0.0,0.0,1.9675688743591309,,,0,0,223,230,0.0,1,1000
2025-08-06 20:59:44.553710,0.0,0.0,0.0,1.9675688743591309,,,0,0,223,230,0.0,2,1000
2025-08-06 20:59:44.557849,0.0,0.0,0.0,1.9675688743591309,,,0,0,223,230,0.0,3,1000
2025-08-06 20:59:44.561645,0.0,0.0,0.0,1.9675688743591309,,,0,0,223,230,0.0,4,1000
2025-08-06 20:59:44.565918,0.0,0.0,0.0,1.9675688743591309,,,0,0,223,230,0.0,1,10000
2025-08-06 20:59:44.570726,0.0,0.0,0.0,1.9675688743591309,,,0,0,223,230,0.0,2,10000
2025-08-06 20:59:44.575496,0.0,0.0,0.0,1.9675688743591309,,,0,0,223,230,0.0,3,10000
2025-08-06 20:59:44.579426,0.0,0.0,0.0,1.9675688743591309,,,0,0,223,230,0.0,4,10000
2025-08-06 20:59:44.583391,0.0,0.0,0.0,1.9675688743591309,,,0,0,223,230,0.0,1,100000
2025-08-06 20:59:44.587028,0.0,0.0,0.0,1.9675688743591309,,,0,0,223,230,0.0,2,100000
2025-08-06 20:59:44.589711,0.0,0.0,0.0,1.9675688743591309,,,0,0,223,230,0.0,3,100000
2025-08-06 20:59:44.593345,0.0,0.0,0.0,1.9675688743591309,,,0,0,223,230,0.0,4,100000
2025-08-06 20:59:44.595917,0.0,0.0,0.0,1.9675688743591309,,,0,0,223,230,0.0,1,1000000
2025-08-06 20:59:44.598988,0.0,0.0,0.0,1.9675688743591309,,,0,0,223,230,0.0,2,1000000
2025-08-06 20:59:44.602620,0.0,0.0,0.0,1.9675688743591309,,,0,0,223,230,0.0,3,1000000
2025-08-06 20:59:44.636821,0.0,0.0,0.0,1.9675688743591309,,,0,0,223,230,0.0,4,1000000
2025-08-06 20:59:46.482939,0.0,0.0,0.0,1.9675688743591309,,,0,0,224,231,0.0,1,10
2025-08-06 20:59:46.529353,0.0,0.0,0.0,1.9675688743591309,,,0,0,224,231,0.0,2,10
2025-08-06 20:59:46.531976,0.0,0.0,0.0,1.9675688743591309,,,0,0,224,231,0.0,3,10
2025-08-06 20:59:46.569374,0.0,0.0,0.0,1.9675688743591309,,,0,0,224,231,0.0,4,10
2025-08-06 20:59:46.615983,0.0,0.0,0.0,1.9675688743591309,,,0,0,224,231,0.0,1,100
2025-08-06 20:59:46.659823,0.0,0.0,0.0,1.9675688743591309,,,0,0,224,231,0.0,2,100
2025-08-06 20:59:46.706048,0.0,0.0,0.0,1.9675688743591309,,,0,0,224,231,0.0,3,100
2025-08-06 20:59:46.753090,0.0,0.0,0.0,1.9675688743591309,,,0,0,224,231,0.0,4,100
2025-08-06 20:59:46.796545,0.0,0.0,0.0,1.9675688743591309,,,0,0,224,231,0.0,1,1000
2025-08-06 20:59:46.839807,0.0,0.0,0.0,1.9675688743591309,,,0,0,224,231,0.0,2,1000
2025-08-06 20:59:46.886473,0.0,0.0,0.0,1.9675688743591309,,,0,0,224,231,0.0,3,1000
2025-08-06 20:59:46.929795,0.0,0.0,0.0,1.9675688743591309,,,0,0,224,231,0.0,4,1000
2025-08-06 20:59:46.976692,0.0,0.0,0.0,1.9675688743591309,,,0,0,224,231,0.0,1,10000
2025-08-06 20:59:46.983737,0.0,0.0,0.0,1.9675688743591309,,,0,0,224,231,0.0,2,10000
2025-08-06 20:59:46.990636,0.0,0.0,0.0,1.9675688743591309,,,0,0,224,231,0.0,3,10000
2025-08-06 20:59:46.997283,0.0,0.0,0.0,1.9675688743591309,,,0,0,224,231,0.0,4,10000
2025-08-06 20:59:47.019391,0.0,0.0,0.0,1.9675688743591309,,,0,0,224,231,0.0,1,100000
2025-08-06 20:59:47.024292,0.0,0.0,0.0,1.9675688743591309,,,0,0,224,231,0.0,2,100000
2025-08-06 20:59:47.027966,0.0,0.0,0.0,1.9675688743591309,,,0,0,224,231,0.0,3,100000
2025-08-06 20:59:47.031792,0.0,0.0,0.0,1.9675688743591309,,,0,0,224,231,0.0,4,100000
2025-08-06 20:59:47.034327,0.0,0.0,0.0,1.9675688743591309,,,0,0,224,231,0.0,1,1000000
2025-08-06 20:59:47.037072,0.0,0.0,0.0,1.9675688743591309,,,0,0,224,231,0.0,2,1000000
2025-08-06 20:59:47.039693,0.0,0.0,0.0,1.9675688743591309,,,0,0,224,231,0.0,3,1000000
2025-08-06 20:59:47.043375,0.0,0.0,0.0,1.9675688743591309,,,0,0,224,231,0.0,4,1000000
2025-08-06 20:59:48.639824,0.0,0.0,0.0,1.9675688743591309,,,0,0,226,233,0.0,1,10
2025-08-06 20:59:48.689385,0.0,0.0,0.0,1.9675688743591309,,,0,0,226,233,0.0,2,10
2025-08-06 20:59:48.691722,0.0,0.0,0.0,1.9675688743591309,,,0,0,226,233,0.0,3,10
2025-08-06 20:59:48.692932,0.0,0.0,0.0,1.9675688743591309,,,0,0,226,233,0.0,4,10
2025-08-06 20:59:48.729241,0.0,0.0,0.0,1.9675688743591309,,,0,0,226,233,0.0,1,100
2025-08-06 20:59:48.731912,0.0,0.0,0.0,1.9675688743591309,,,0,0,226,233,0.0,2,100
2025-08-06 20:59:48.734220,0.0,0.0,0.0,1.9675688743591309,,,0,0,226,233,0.0,3,100
2025-08-06 20:59:48.736131,0.0,0.0,0.0,1.9675688743591309,,,0,0,226,233,0.0,4,100
2025-08-06 20:59:48.739313,0.0,0.0,0.0,1.9675688743591309,,,0,0,226,233,0.0,1,1000
2025-08-06 20:59:48.740879,0.0,0.0,0.0,1.9675688743591309,,,0,0,226,233,0.0,2,1000
2025-08-06 20:59:48.822610,0.0,0.0,0.0,1.9675688743591309,,,0,0,226,233,0.0,3,1000
2025-08-06 20:59:48.866748,0.0,0.0,0.0,1.9675688743591309,,,0,0,226,233,0.0,4,1000
2025-08-06 20:59:48.909989,0.0,0.0,0.0,1.9675688743591309,,,0,0,226,233,0.0,1,10000
2025-08-06 20:59:48.914514,0.0,0.0,0.0,1.9675688743591309,,,0,0,226,233,0.0,2,10000
2025-08-06 20:59:48.956326,0.0,0.0,0.0,1.9675688743591309,,,0,0,226,233,0.0,3,10000
2025-08-06 20:59:48.962176,0.0,0.0,0.0,1.9675688743591309,,,0,0,226,233,0.0,4,10000
2025-08-06 20:59:48.969007,0.0,0.0,0.0,1.9675688743591309,,,0,0,226,233,0.0,1,100000
2025-08-06 20:59:48.975104,0.0,0.0,0.0,1.9675688743591309,,,0,0,226,233,0.0,2,100000
2025-08-06 20:59:48.980715,0.0,0.0,0.0,1.9675688743591309,,,0,0,226,233,0.0,3,100000
2025-08-06 20:59:48.987517,0.0,0.0,0.0,1.9675688743591309,,,0,0,226,233,0.0,4,100000
2025-08-06 20:59:48.994028,0.0,0.0,0.0,1.9675688743591309,,,0,0,226,233,0.0,1,1000000
2025-08-06 20:59:49.000724,0.0,0.0,0.0,1.9675688743591309,,,0,0,226,233,0.0,2,1000000
2025-08-06 20:59:49.007100,0.0,0.0,0.0,1.9675688743591309,,,0,0,226,233,0.0,3,1000000
2025-08-06 20:59:49.013058,0.0,0.0,0.0,1.9675688743591309,,,0,0,226,233,0.0,4,1000000
2025-08-06 20:59:50.940072,0.0,0.0,0.0,1.9675688743591309,,,0,0,228,238,0.0,1,10
2025-08-06 20:59:50.946864,0.0,0.0,0.0,1.9675688743591309,,,0,0,228,238,0.0,2,10
2025-08-06 20:59:50.953697,0.0,0.0,0.0,1.9675688743591309,,,0,0,228,238,0.0,3,10
2025-08-06 20:59:50.959470,0.0,0.0,0.0,1.9675688743591309,,,0,0,228,238,0.0,4,10
2025-08-06 20:59:50.964733,0.0,0.0,0.0,1.9675688743591309,,,0,0,228,238,0.0,1,100
2025-08-06 20:59:50.971384,0.0,0.0,0.0,1.9675688743591309,,,0,0,228,238,0.0,2,100
2025-08-06 20:59:51.069525,0.0,0.0,0.0,1.9675688743591309,,,0,0,228,238,0.0,3,100
2025-08-06 20:59:51.116442,0.0,0.0,0.0,1.9675688743591309,,,0,0,228,238,0.0,4,100
2025-08-06 20:59:51.159323,0.0,0.0,0.0,1.9675688743591309,,,0,0,228,238,0.0,1,1000
2025-08-06 20:59:51.206757,0.0,0.0,0.0,1.9675688743591309,,,0,0,228,238,0.0,2,1000
2025-08-06 20:59:51.253128,0.0,0.0,0.0,1.9675688743591309,,,0,0,228,238,0.0,3,1000
2025-08-06 20:59:51.299555,0.0,0.0,0.0,1.9675688743591309,,,0,0,228,238,0.0,4,1000
2025-08-06 20:59:51.339962,0.0,0.0,0.0,1.9675688743591309,,,0,0,228,238,0.0,1,10000
2025-08-06 20:59:51.386416,0.0,0.0,0.0,1.9675688743591309,,,0,0,228,238,0.0,2,10000
2025-08-06 20:59:51.433206,0.0,0.0,0.0,1.9675688743591309,,,0,0,228,238,0.0,3,10000
2025-08-06 20:59:51.440661,0.0,0.0,0.0,1.9675688743591309,,,0,0,228,238,0.0,4,10000
2025-08-06 20:59:51.447198,0.0,0.0,0.0,1.9675688743591309,,,0,0,228,238,0.0,1,100000
2025-08-06 20:59:51.454134,0.0,0.0,0.0,1.9675688743591309,,,0,0,228,238,0.0,2,100000
2025-08-06 20:59:51.460805,0.0,0.0,0.0,1.9675688743591309,,,0,0,228,238,0.0,3,100000
2025-08-06 20:59:51.466886,0.0,0.0,0.0,1.9675688743591309,,,0,0,228,238,0.0,4,100000
2025-08-06 20:59:51.472562,0.0,0.0,0.0,1.9675688743591309,,,0,0,228,238,0.0,1,1000000
2025-08-06 20:59:51.476653,0.0,0.0,0.0,1.9675688743591309,,,0,0,228,238,0.0,2,1000000
2025-08-06 20:59:51.481705,0.0,0.0,0.0,1.9675688743591309,,,0,0,228,238,0.0,3,1000000
2025-08-06 20:59:51.523246,0.0,0.0,0.0,1.9675688743591309,,,0,0,228,238,0.0,4,1000000
2025-08-06 20:59:53.140070,0.0,0.0,0.0,1.9675688743591309,,,0,0,231,236,0.0,1,10
2025-08-06 20:59:53.186080,0.0,0.0,0.0,1.9675688743591309,,,0,0,231,236,0.0,2,10
2025-08-06 20:59:53.188780,0.0,0.0,0.0,1.9675688743591309,,,0,0,231,236,0.0,3,10
2025-08-06 20:59:53.229534,0.0,0.0,0.0,1.9675688743591309,,,0,0,231,236,0.0,4,10
2025-08-06 20:59:53.277399,0.0,0.0,0.0,1.9675688743591309,,,0,0,231,236,0.0,1,100
2025-08-06 20:59:53.319270,0.0,0.0,0.0,1.9675688743591309,,,0,0,231,236,0.0,2,100
2025-08-06 20:59:53.366424,0.0,0.0,0.0,1.9675688743591309,,,0,0,231,236,0.0,3,100
2025-08-06 20:59:53.411304,0.0,0.0,0.0,1.9675688743591309,,,0,0,231,236,0.0,4,100
2025-08-06 20:59:53.456574,0.0,0.0,0.0,1.9675688743591309,,,0,0,231,236,0.0,1,1000
2025-08-06 20:59:53.503169,0.0,0.0,0.0,1.9675688743591309,,,0,0,231,236,0.0,2,1000
2025-08-06 20:59:53.551330,0.0,0.0,0.0,1.9675688743591309,,,0,0,231,236,0.0,3,1000
2025-08-06 20:59:53.558869,0.0,0.0,0.0,1.9675688743591309,,,0,0,231,236,0.0,4,1000
2025-08-06 20:59:53.589920,0.0,0.0,0.0,1.9675688743591309,,,0,0,231,236,0.0,1,10000
2025-08-06 20:59:53.597053,0.0,0.0,0.0,1.9675688743591309,,,0,0,231,236,0.0,2,10000
2025-08-06 20:59:53.603476,0.0,0.0,0.0,1.9675688743591309,,,0,0,231,236,0.0,3,10000
2025-08-06 20:59:53.609768,0.0,0.0,0.0,1.9675688743591309,,,0,0,231,236,0.0,4,10000
2025-08-06 20:59:53.615892,0.0,0.0,0.0,1.9675688743591309,,,0,0,231,236,0.0,1,100000
2025-08-06 20:59:53.621743,0.0,0.0,0.0,1.9675688743591309,,,0,0,231,236,0.0,2,100000
2025-08-06 20:59:53.626745,0.0,0.0,0.0,1.9675688743591309,,,0,0,231,236,0.0,3,100000
2025-08-06 20:59:53.636119,0.0,0.0,0.0,1.9675688743591309,,,0,0,231,236,0.0,4,100000
2025-08-06 20:59:53.640070,0.0,0.0,0.0,1.9675688743591309,,,0,0,231,236,0.0,1,1000000
2025-08-06 20:59:53.643417,0.0,0.0,0.0,1.9675688743591309,,,0,0,231,236,0.0,2,1000000
2025-08-06 20:59:53.646509,0.0,0.0,0.0,1.9675688743591309,,,0,0,231,236,0.0,3,1000000
2025-08-06 20:59:53.680212,0.0,0.0,0.0,1.9675688743591309,,,0,0,231,236,0.0,4,1000000
2025-08-06 20:59:55.389613,0.0,0.0,0.0,1.9675688743591309,,,0,0,231,240,0.0,1,10
2025-08-06 20:59:55.396814,0.0,0.0,0.0,1.9675688743591309,,,0,0,231,240,0.0,2,10
2025-08-06 20:59:55.403533,0.0,0.0,0.0,1.9675688743591309,,,0,0,231,240,0.0,3,10
2025-08-06 20:59:55.479749,0.0,0.0,0.0,1.9675688743591309,,,0,0,231,240,0.0,4,10
2025-08-06 20:59:55.529449,0.0,0.0,0.0,1.9675688743591309,,,0,0,231,240,0.0,1,100
2025-08-06 20:59:55.572618,0.0,0.0,0.0,1.9675688743591309,,,0,0,231,240,0.0,2,100
2025-08-06 20:59:55.616224,0.0,0.0,0.0,1.9675688743591309,,,0,0,231,240,0.0,3,100
2025-08-06 20:59:55.659638,0.0,0.0,0.0,1.9675688743591309,,,0,0,231,240,0.0,4,100
2025-08-06 20:59:55.706909,0.0,0.0,0.0,1.9675688743591309,,,0,0,231,240,0.0,1,1000
2025-08-06 20:59:55.752775,0.0,0.0,0.0,1.9675688743591309,,,0,0,231,240,0.0,2,1000
2025-08-06 20:59:55.796223,0.0,0.0,0.0,1.9675688743591309,,,0,0,231,240,0.0,3,1000
2025-08-06 20:59:55.841631,0.0,0.0,0.0,1.9675688743591309,,,0,0,231,240,0.0,4,1000
2025-08-06 20:59:55.886646,0.0,0.0,0.0,1.9675688743591309,,,0,0,231,240,0.0,1,10000
2025-08-06 20:59:55.929555,0.0,0.0,0.0,1.9675688743591309,,,0,0,231,240,0.0,2,10000
2025-08-06 20:59:55.976810,0.0,0.0,0.0,1.9675688743591309,,,0,0,231,240,0.0,3,10000
2025-08-06 20:59:55.983929,0.0,0.0,0.0,1.9675688743591309,,,0,0,231,240,0.0,4,10000
2025-08-06 20:59:56.019966,0.0,0.0,0.0,1.9675688743591309,,,0,0,231,240,0.0,1,100000
2025-08-06 20:59:56.026762,0.0,0.0,0.0,1.9675688743591309,,,0,0,231,240,0.0,2,100000
2025-08-06 20:59:56.033305,0.0,0.0,0.0,1.9675688743591309,,,0,0,231,240,0.0,3,100000
2025-08-06 20:59:56.039578,0.0,0.0,0.0,1.9675688743591309,,,0,0,231,240,0.0,4,100000
2025-08-06 20:59:56.046067,0.0,0.0,0.0,1.9675688743591309,,,0,0,231,240,0.0,1,1000000
2025-08-06 20:59:56.052224,0.0,0.0,0.0,1.9675688743591309,,,0,0,231,240,0.0,2,1000000
2025-08-06 20:59:56.058366,0.0,0.0,0.0,1.9675688743591309,,,0,0,231,240,0.0,3,1000000
2025-08-06 20:59:56.066770,0.0,0.0,0.0,1.9675688743591309,,,0,0,231,240,0.0,4,1000000
2025-08-06 20:59:57.643152,0.0,0.0,0.0,1.9675688743591309,,,0,0,234,240,0.0,1,10
2025-08-06 20:59:57.687320,0.0,0.0,0.0,1.9675688743591309,,,0,0,234,240,0.0,2,10
2025-08-06 20:59:57.693209,0.0,0.0,0.0,1.9675688743591309,,,0,0,234,240,0.0,3,10
2025-08-06 20:59:57.697313,0.0,0.0,0.0,1.9675688743591309,,,0,0,234,240,0.0,4,10
2025-08-06 20:59:57.819401,0.0,0.0,0.0,1.9675688743591309,,,0,0,234,240,0.0,1,100
2025-08-06 20:59:57.869325,0.0,0.0,0.0,1.9675688743591309,,,0,0,234,240,0.0,2,100
2025-08-06 20:59:57.909972,0.0,0.0,0.0,1.9675688743591309,,,0,0,234,240,0.0,3,100
2025-08-06 20:59:57.956314,0.0,0.0,0.0,1.9675688743591309,,,0,0,234,240,0.0,4,100
2025-08-06 20:59:57.959175,0.0,0.0,0.0,1.9675688743591309,,,0,0,234,240,0.0,1,1000
2025-08-06 20:59:57.961109,0.0,0.0,0.0,1.9675688743591309,,,0,0,234,240,0.0,2,1000
2025-08-06 20:59:58.003304,0.0,0.0,0.0,1.9675688743591309,,,0,0,234,240,0.0,3,1000
2025-08-06 20:59:58.047152,0.0,0.0,0.0,1.9675688743591309,,,0,0,234,240,0.0,4,1000
2025-08-06 20:59:58.051908,0.0,0.0,0.0,1.9675688743591309,,,0,0,234,240,0.0,1,10000
2025-08-06 20:59:58.056129,0.0,0.0,0.0,1.9675688743591309,,,0,0,234,240,0.0,2,10000
2025-08-06 20:59:58.089874,0.0,0.0,0.0,1.9675688743591309,,,0,0,234,240,0.0,3,10000
2025-08-06 20:59:58.096868,0.0,0.0,0.0,1.9675688743591309,,,0,0,234,240,0.0,4,10000
2025-08-06 20:59:58.103587,0.0,0.0,0.0,1.9675688743591309,,,0,0,234,240,0.0,1,100000
2025-08-06 20:59:58.109685,0.0,0.0,0.0,1.9675688743591309,,,0,0,234,240,0.0,2,100000
2025-08-06 20:59:58.115582,0.0,0.0,0.0,1.9675688743591309,,,0,0,234,240,0.0,3,100000
2025-08-06 20:59:58.120555,0.0,0.0,0.0,1.9675688743591309,,,0,0,234,240,0.0,4,100000
2025-08-06 20:59:58.123916,0.0,0.0,0.0,1.9675688743591309,,,0,0,234,240,0.0,1,1000000
2025-08-06 20:59:58.126766,0.0,0.0,0.0,1.9675688743591309,,,0,0,234,240,0.0,2,1000000
2025-08-06 20:59:58.128951,0.0,0.0,0.0,1.9675688743591309,,,0,0,234,240,0.0,3,1000000
2025-08-06 20:59:58.139663,0.0,0.0,0.0,1.9675688743591309,,,0,0,234,240,0.0,4,1000000
